y_test_actual,predictions
301.0,302.26458578629877
298.0,298.97246825719037
302.4,301.11202669883244
298.7,298.2407198324581
302.0,301.1614866516987
298.1,297.62491662569647
297.3,298.4780622726571
300.2,299.38415110766437
302.1,302.4367643077666
297.4,298.8084960970957
300.8,302.83156329617833
301.7,300.0770622791072
296.8,297.60467556415125
298.9,300.66475528271593
297.4,299.26649282400376
298.2,298.6823696875954
303.6,303.27112284916103
300.7,302.06919541190945
298.8,298.82636158591
298.5,299.18842172143985
300.6,299.7701379157865
298.1,297.85933424015747
300.8,299.6714040396328
300.5,300.7065130872583
301.4,300.4316262109473
300.4,299.6291222498289
297.9,298.4440643753458
303.3,301.6074257292615
302.8,300.9034591231702
300.6,301.95509488520986
298.4,299.15057136650717
301.7,301.10261680598984
298.6,299.53835591999996
300.2,299.7691158825546
297.1,298.10059481057436
300.6,299.2824691355015
298.4,299.0571148804174
302.7,302.3245911307961
301.5,300.8251819042409
301.0,300.6607155795256
297.5,299.26010277302856
302.2,300.0936135162167
298.8,300.7032722743013
303.1,301.66870841451765
301.1,301.3970144822514
302.9,301.26928638487317
299.7,301.1419648016313
296.8,297.65516357999655
301.0,300.9269785956641
300.3,299.850343203553
301.4,300.9448563200406
301.5,300.5672571208355
301.5,300.78235015153376
300.0,301.6525574717827
297.9,298.3778386086606
300.5,302.1693613048375
297.1,298.15036815818377
303.4,303.1455125129087
302.2,301.95527503364485
302.5,302.31880841400977
299.8,298.8155278385592
299.5,298.4545866002468
297.6,299.5076602184667
300.7,302.76932117216353
300.2,299.60225637565463
301.1,301.1301421089446
298.9,298.46235860660494
298.9,300.1711573781887
303.4,302.06659859082635
300.6,299.3984585340395
299.8,298.93472303486476
297.4,297.9787318897987
298.5,299.0098861445923
297.4,297.8535371824301
298.9,299.03225435839323
302.6,302.40505869718515
298.8,298.33445840846633
295.7,295.5271067352001
301.8,300.9127898823723
298.9,300.0918860743695
297.3,297.39542692038515
302.7,300.43184555450074
300.1,301.6198331475147
299.0,299.8761683102619
300.3,301.57286238218524
304.1,303.7338725845979
301.4,301.51306554285276
298.9,299.4215965385689
300.7,301.25160088307643
298.1,297.0898827782782
298.5,297.6119935415614
298.2,298.43771204609845
299.2,298.67346842606065
300.3,302.0739626187617
297.2,297.5448857311771
298.2,297.51077594803365
301.8,300.66636648224153
298.2,298.9580922127107
301.8,300.57889940428896
301.6,301.06978632837706
300.4,300.1790615001254
301.3,300.6794325321448
296.7,297.4917958222201
303.7,303.4397567448568
297.2,298.3906801782965
303.9,303.49654566407384
301.0,301.9946652365583
299.8,301.26028113362224
302.3,302.08111172043584
298.9,298.5874640232495
302.8,302.6383699305759
300.3,300.7204663527486
298.8,299.74466772297154
297.5,298.32604465973577
300.1,299.08527426600307
299.0,300.0673160271236
299.8,299.26256595357177
298.3,298.91397788203983
300.6,299.74441784011003
302.0,300.3569052598184
300.6,299.24785280780094
301.8,300.3131560737974
304.1,303.8296916970201
299.4,298.7841760770855
300.5,299.0134394076887
300.4,300.40134812574746
300.9,300.00245869646096
302.2,301.5873920630746
300.6,299.96005452114616
303.3,302.9685889142245
297.1,298.2174689273688
303.3,301.66480922337695
300.7,299.3977681434903
299.2,298.2022093145421
302.3,301.5189783028809
300.0,299.0341083248888
298.8,300.20196276350987
300.6,299.9840755777501
303.5,302.1944328188292
301.8,300.77582349046867
303.3,303.00770083397686
297.6,298.3449356849611
299.0,299.8445842157233
297.9,297.4272460725302
302.7,302.8950400334153
301.9,301.00398557470663
297.4,299.0479262494431
297.2,298.3477073050905
303.2,301.36050933240284
301.7,300.6559166394028
298.6,299.76585302643525
297.9,297.2437347926264
300.5,301.6414952000243
303.8,302.90374356407125
298.2,299.96110313251023
299.2,300.4293933494504
299.0,298.5694728764229
301.6,300.69955483793467
300.8,301.5382462253197
301.8,301.0739385922493
301.1,299.65692720389245
298.9,298.39348728865536
297.3,298.47093006120076
300.4,301.5868001462973
302.4,301.24186271141457
299.5,300.0588433922561
303.6,303.37600957808843
299.4,299.0188134076251
301.7,300.6982585257225
295.5,295.5157383328865
302.0,300.44350504148105
298.8,299.97404937706983
298.8,298.4542393188304
300.5,300.28782576641385
303.9,303.475831838407
301.8,301.5202143933161
299.4,298.26861087847686
302.5,302.1603320563761
298.4,299.2669928359889
299.9,300.5832962971303
297.5,299.1663187816989
299.0,298.7008828328802
301.9,301.42473180065946
300.4,299.73709525102976
300.5,301.8500725029776
301.3,300.66634886464345
298.8,299.57064938495665
302.1,300.66674051147965
299.5,298.9182567810338
297.3,297.9672894623428
296.9,297.41386018439215
301.4,301.1443041570658
304.0,303.72018896906116
300.2,301.9966765626493
298.3,297.6140610894041
302.4,302.20649170405443
302.0,300.9785328070118
298.8,299.6310806548251
300.1,301.6119332462789
296.5,297.02020169534484
298.4,297.95132433107364
302.3,301.9591011045441
299.2,298.89250920327305
299.8,301.5152193440681
298.1,297.38225133042175
298.9,300.3357663198757
304.0,303.5080306043482
299.0,300.29269717523584
298.3,299.25337812592375
300.0,301.7633264720608
298.8,298.68404063862073
300.3,301.62225428839906
303.3,301.61994030993003
297.1,298.11560442210754
301.2,301.4146559139541
295.6,295.54293414026273
300.6,299.74742213192883
303.4,303.1488269797363
297.2,298.2490755901136
300.6,299.5685501893149
297.6,299.4754876520737
299.9,299.47927466844834
297.5,298.35580669888327
301.0,302.33094453956255
298.3,297.3839460837804
297.7,297.79588740796504
298.1,297.51613849920983
304.0,303.69727945566535
298.5,298.0235545489445
297.5,298.4460290906939
302.4,301.26472820628715
301.7,301.14645002107983
298.3,299.24104889695207
297.2,297.96624590190777
297.5,298.43895716279945
304.4,304.1811481681358
298.9,298.48648691936774
301.3,301.03754498914765
300.5,299.8537291580276
303.8,303.72888721862904
299.0,300.19850578797053
298.1,297.7359541760225
298.6,299.16714924315863
300.1,299.7353408474325
298.0,297.1624245426409
301.4,300.45834661481854
303.0,302.92391508688337
302.3,301.9631846407786
298.2,298.91751854751436
303.8,303.7011486664425
297.2,297.51649437784744
298.5,298.3368305372341
301.0,301.4703214064158
297.9,298.58510273387253
297.5,298.10292468794864
300.7,301.24903754616287
296.9,298.12483068359296
299.3,298.9228126410632
298.8,300.53939587860003
301.8,300.68524213968374
298.3,300.0986042898501
299.2,300.53622512133734
302.5,302.30650221813164
300.6,299.4123000834273
297.8,299.62229178522296
299.8,299.9813131134729
303.4,303.6103274787614
298.0,297.196355218979
296.8,297.6516290758224
303.2,301.71982121996234
301.9,301.7344048721617
299.1,297.96403845253064
298.9,299.7130715359912
301.1,300.90370510595227
297.2,298.21891934100586
300.5,301.81741673728476
300.1,299.5164976587328
302.4,301.3221300197523
298.1,298.6228702290785
300.0,301.63913637376373
298.6,299.4122454109719
297.1,297.8855445886472
299.0,300.3423224378276
303.3,303.0336566360508
300.2,299.3883939067261
300.1,299.2714889281022
301.7,300.7968188467961
298.9,298.4661137827025
298.6,299.6462439958847
299.9,300.33460553595893
299.0,300.10182291602507
298.9,298.4898961861586
296.9,297.7380079389862
297.6,298.3416976045042
304.1,303.6898921654175
298.6,299.5806346197361
299.1,299.97905281004796
299.0,300.07239538910255
302.1,302.47134045028974
302.0,299.97422901781766
303.4,302.69601012634615
302.0,301.3781328781457
297.5,298.3275688291314
299.2,298.1114210513974
299.8,300.22710475760533
301.3,300.4386060982609
302.8,302.5772438611182
295.7,295.5671753535854
298.2,298.5667665205838
300.6,302.3082975852306
302.1,300.77865919297835
303.2,301.6829415863459
300.8,300.66384263827933
297.9,298.9315390855682
298.6,300.2222598939748
304.1,303.7303731048255
300.2,299.7418199947539
298.3,297.64706579410984
302.3,301.02141945057383
300.7,300.91273748600776
297.3,297.66051491035796
301.4,300.78695259509084
297.6,298.834111742857
298.8,299.87522152194924
297.3,297.9796323319471
302.6,302.8000506995009
297.8,297.4206238322374
300.5,302.1726928318857
300.6,299.977949710788
297.2,297.75631913862236
298.7,298.11314643780764
298.3,298.9110356507517
298.0,297.6237383593435
300.9,301.06040952723527
301.3,300.8070395470668
297.4,298.58280580735203
303.6,303.04261440701765
297.6,298.7913242979205
299.0,300.46325000954505
301.3,300.45081301735416
297.2,298.40602958251594
298.6,299.19318726179677
298.7,299.88922171817694
301.4,300.93788119785586
297.4,298.2177093331103
300.8,300.93905353212733
299.0,298.7843164359898
297.6,299.39638820212593
297.4,298.19397408071177
298.8,298.34655481354355
300.7,300.3391073227904
300.5,300.8315507375407
295.9,295.9770314769696
298.1,298.4537174419578
300.0,299.52591814885795
301.1,301.5041524768702
297.3,298.3564655252246
301.9,300.568025632238
301.7,300.1139290099569
296.3,296.8061317205846
297.2,298.3376175717623
297.8,299.2493119471356
303.5,303.4622041230407
299.7,299.1400818797655
300.8,299.6302670073238
301.1,300.65151208845526
301.0,300.54805635518267
299.8,299.0583226036571
297.8,297.27714380988516
301.9,300.7626224035407
301.7,300.6537713857182
297.2,298.2350375952522
300.6,299.75691439675455
299.5,299.26472053279804
295.6,295.5486927815094
298.0,298.79168509232517
303.8,303.01713030464714
302.3,300.1821168776087
297.0,297.9133157773297
303.8,302.8102068066941
297.5,298.216489348993
301.4,300.4627620396844
298.1,298.0943802441664
298.9,300.08539937847513
297.9,297.2808148485167
298.9,300.09055021951553
297.3,298.318455720732
299.5,299.1012704714826
300.3,299.4851280087104
300.1,299.29692112633865
300.5,302.17703998397656
298.9,298.3154880609076
297.5,298.6292516572039
296.8,297.6546511707184
299.8,301.542413983865
298.7,298.1456298656903
299.2,300.58961755154036
298.3,299.2549471681128
298.0,298.4349148622709
301.7,300.9138051200402
297.4,298.4501410085981
300.9,300.780479743605
302.3,301.11319140706195
299.3,300.55589992260684
298.8,300.2235428700924
297.3,297.78508273670377
298.5,299.6182611200795
299.8,299.28104068174906
300.9,300.76483989850806
297.6,299.53891049488675
303.8,303.15025945388066
303.0,303.00094416654787
302.4,301.7294453997443
298.1,297.65661719960667
302.3,301.73237084207585
298.4,297.72613816367027
300.2,299.4850378966766
300.1,299.6394072607585
300.5,299.1506797658703
303.3,301.38793182017093
300.7,300.42484421296115
304.3,304.212813075422
301.1,299.9677717945998
304.1,304.19701185096443
298.9,298.22056386485053
300.6,301.9748668397124
301.5,300.6748262722851
297.9,299.84955668655095
298.5,299.25997314366833
296.7,297.3527906912281
301.9,301.037892489944
301.2,301.0325812775853
301.2,299.87762811617426
302.7,302.56911774544585
303.6,303.7213482243412
301.2,299.7800757478144
300.9,300.9011379695936
300.4,302.1715223764906
298.4,299.37226510170956
297.3,298.0407912766258
296.1,296.5666049656766
297.9,297.1628281806575
303.8,303.00844805491266
297.8,297.5454092245412
300.6,302.18680114606013
302.4,301.86422331549625
300.4,300.2037399451674
301.4,300.5856531438998
296.4,296.6104425887782
301.6,300.4318064350147
300.8,300.3775735598181
298.9,299.7128225330286
297.6,298.2342592085758
302.2,301.16545099247793
298.1,298.3413556724764
302.5,302.28614045430066
302.9,302.5576279055074
298.6,299.754369718442
302.5,302.32582467847027
302.8,302.67143375061755
297.7,296.9479241396838
300.0,299.8617448273576
304.0,303.748898985401
302.2,301.24055710881504
298.7,300.0631959270096
302.5,302.19335183228577
297.1,298.0314640212297
304.2,303.68792677969174
301.1,301.3016089670243
297.8,297.0753968116875
299.9,298.81060113120304
299.0,299.9878942621205
302.6,301.15499740972353
301.0,300.8047532988331
303.4,303.59991500534204
300.2,299.7266830299309
298.0,299.2255913152565
301.0,299.6320808978618
301.6,300.69094110757027
301.9,300.89676232504615
298.9,298.7178289838953
301.7,300.7313198839212
299.8,299.8738538161471
299.6,300.1756141124929
298.3,297.30237878461656
302.3,302.058270190881
299.1,300.68071384878556
300.7,301.02774104329495
297.5,298.32068489231705
298.4,299.16686013860976
300.2,301.72288116694307
301.9,301.03491879696264
304.1,303.81569172969785
299.0,300.0850421635089
300.2,299.2673820959679
295.5,295.15946805403433
302.2,299.9580046671608
300.2,299.732267303559
296.9,297.51609804245504
301.7,301.4810292472788
301.2,300.6555498201132
300.3,301.6129186298464
303.5,302.5960377337373
297.8,298.22688550882907
301.5,300.82441224994756
298.2,298.0281184225621
298.8,299.6439139231923
301.1,300.7718233975939
297.2,297.7975710509823
303.5,302.4443925934054
301.8,301.50569604897703
302.2,301.84475230288916
297.6,297.9945083541977
302.0,301.19105133061225
302.3,301.7442938291772
298.3,298.10283530392206
299.2,298.19374149386715
301.4,301.03723944347894
302.3,300.6762599058644
299.0,300.3461518593874
303.7,303.62210909521735
302.2,301.96161748571825
302.3,300.7999267389484
297.9,298.90032763268164
302.9,301.1396041050995
300.3,301.94189412907537
297.5,298.55151258574546
301.0,302.4043647700859
297.4,298.03410844948667
300.6,300.5827635457126
298.8,298.21439684640046
300.8,300.21782165652115
298.9,298.2269284280735
297.7,298.56706556024943
300.6,301.01679906752406
297.4,299.2605480945954
302.6,300.41840891149155
302.2,301.5982497149601
298.6,299.79853229913573
300.9,300.7956237822744
298.7,298.2324905892985
301.8,301.14917071633533
295.4,295.1923159245017
300.1,299.0456969503414
298.6,299.39938346498235
298.9,300.2348437032631
303.6,302.8680247223303
302.0,299.63072685819327
300.1,299.52151820130854
301.4,300.5770012664383
299.8,301.262744026485
299.9,299.24076501364846
297.7,298.7980807959735
303.0,303.01210391249367
297.8,296.82807203856555
295.6,295.51115173027216
300.7,300.6627892958728
302.3,301.61261847417217
300.9,302.31896282843036
300.1,301.8710966974045
298.9,298.4651071428825
302.6,300.4419137603124
297.9,298.2111478170195
301.9,301.065731173499
299.0,299.6369555896507
298.6,299.49674787553613
298.5,298.12834709544245
296.3,296.6193615951143
298.8,299.59231739309064
302.4,301.26846427562606
297.7,299.1456904393524
300.7,302.70379358229695
298.0,297.17764327618386
300.4,299.13212906570686
302.1,301.0800890923801
302.7,301.3000268423347
301.8,301.3697203625205
298.8,297.8456538746469
297.1,297.8633731229783
301.5,300.88100602071074
303.8,303.39336434304346
302.5,302.33316689058177
301.4,300.9195971612384
302.0,301.2036657963873
299.5,298.80303848327776
304.0,303.7285114545951
298.2,297.3923906168276
299.1,298.719009687736
302.4,301.1327814254896
302.4,301.5997158679653
300.1,299.1780449911972
302.5,300.6235248396163
297.4,299.03887935712817
297.6,298.031467507679
300.1,299.0457928675668
299.4,299.0396016056441
300.4,299.3863387818051
298.2,297.64247268392546
298.9,298.9058489405649
299.2,298.12345780748956
303.7,302.797394151417
298.3,297.89232636209107
298.1,297.6477426105745
298.4,297.6601921272616
301.2,299.82627695100746
297.7,297.85032319355395
303.8,303.6750464473251
297.4,298.4799971440768
303.4,303.7551791168342
297.3,298.09620989907455
303.8,303.119818322825
303.5,303.3586147128007
299.2,298.42863888770694
299.1,298.790882107321
298.3,297.8609504501339
298.5,299.3924743971513
301.3,301.73875923420104
301.4,300.6558435530621
300.8,301.6063998972113
300.4,301.51289066723376
302.5,301.64829035317484
300.1,301.8501247382381
297.6,298.31699864763317
298.0,297.41384848151887
302.2,301.431433247509
301.5,301.31627070302153
300.3,301.6435800691991
299.7,299.09133360451176
300.0,300.0827802518645
299.4,299.03895844272506
298.2,297.4233023286103
299.5,299.23363612993654
298.8,299.66587850119
300.8,301.02103167035744
300.5,301.2125272785436
295.6,295.3147340873884
297.2,298.2038397151967
298.8,298.3454612682897
298.4,298.35427522749023
303.5,302.1490663678116
301.0,301.02197293320035
302.7,301.260984317738
301.4,300.1036657968677
300.8,300.55826580648306
298.1,298.81078333476154
301.0,300.78541593698003
296.3,296.7874304268322
298.3,298.6192639502038
297.6,298.2093262680619
301.2,302.7757653963443
298.1,299.14322415315706
301.5,300.60330181023954
301.3,300.4646448103787
301.0,301.0503232714575
298.9,299.8365677582299
300.6,301.95691399793327
295.9,296.1220830210437
303.3,302.0656474697528
298.8,299.6129374519662
299.3,298.17438579499435
298.8,298.333999759077
297.5,299.1718360268318
295.8,295.99615590095124
301.6,300.78144968407014
298.4,297.7085733971199
300.5,300.75460845342235
297.7,298.1028888681793
302.1,300.572427432702
302.6,302.6639029356571
298.3,297.30729518558434
298.7,300.09154444593946
300.0,301.7719363782916
300.5,299.4162769819563
302.8,300.7052436595967
301.1,301.1085046584794
303.6,303.3327735034107
300.9,300.812460697953
302.2,301.5143946704433
300.6,299.7226191676716
301.0,299.4952286326868
296.9,297.4944087423954
299.4,299.1258122707618
297.9,297.62675364244484
300.0,300.23133813844964
299.6,300.2255903115919
303.6,302.7776640853085
301.3,301.1666919967381
300.8,300.9167736091329
298.2,298.5437585179398
299.0,298.2885524534524
300.9,301.60058644774114
300.9,301.76847841238
300.8,301.4925978518597
300.6,302.2985307540575
298.2,298.94630362999936
300.8,301.3769283431273
298.2,298.4672417256122
303.5,303.48549322491743
298.4,298.70172522630435
297.3,297.9775837563279
297.1,298.3504002954466
301.4,300.8316761727699
299.8,301.4974982425087
299.6,300.77542084282436
295.6,295.26501625789865
298.8,297.8510273164713
300.7,300.19979607435766
300.9,300.7959333656916
298.9,298.8352271798806
298.4,297.8521519679364
301.3,300.6689465732708
298.2,298.53376972851845
300.0,301.35761183110094
297.5,297.96004084777417
301.9,300.77566612228776
300.5,299.2886242130883
302.1,300.90958108052723
299.0,299.9115831133121
300.8,301.9529286284257
297.4,297.99268413226946
302.1,300.1378945570266
298.5,299.6475037859491
299.6,299.06173601678955
300.8,301.97507512261484
302.6,300.61838444075295
300.6,300.5509536086359
299.4,298.9120639459183
297.5,298.3465561755009
298.0,297.50949069584567
297.1,297.86301666133454
300.1,301.7662916443936
299.0,298.48426671784244
298.7,299.6304584851667
298.2,297.37581946869307
299.8,299.9665675248488
302.4,300.57023359820107
302.2,301.69732027814797
298.2,298.8086880490383
301.3,301.0648189519047
297.2,297.536497013769
300.7,301.0258019742763
300.6,302.0998189326296
300.6,299.39584096439097
302.4,302.2363106663919
302.6,301.26070116212816
301.2,301.19354120070125
299.4,298.431335171054
297.4,299.16995721605974
297.9,298.8045524712945
296.1,296.7107801165112
299.6,299.297492777549
298.7,299.8882728811324
301.7,299.7427139809029
298.1,298.7744080791651
298.3,298.71319520553493
301.5,300.7762607475034
298.7,299.7322039649756
302.1,301.2470312298959
300.8,301.65826435951385
304.2,303.9635061862068
303.5,301.7402744499534
298.0,298.3287437018384
297.9,299.86255780700793
298.5,297.5458263258556
297.0,297.4407164795584
297.7,297.03733027806953
298.3,299.1442591505851
296.3,296.8376317456444
304.4,304.17327261207475
298.7,299.7180390384133
301.0,301.0781209905706
302.3,301.41409684551587
298.7,299.0410186287275
297.9,297.4257358580165
300.5,299.17711215651286
298.2,298.42407647730784
298.2,298.8065535752151
301.7,301.85284608812384
298.9,300.22270713707024
304.1,303.9284627986401
300.7,301.11044680380485
297.5,298.1845765560064
299.0,300.34525377878094
302.9,301.429720173547
298.4,297.7379931304609
296.2,296.8100090290401
301.0,301.36889738164655
297.5,297.6308492547045
297.1,298.2279611488044
302.1,300.66743376079205
301.5,301.24978923439465
302.3,301.9587671854777
299.5,299.0279217426235
296.2,296.3574221145257
298.3,299.5249851536964
298.4,297.87707695470493
297.2,298.35116585494853
298.4,298.91569605912844
300.6,299.51337894360626
300.8,301.3599953760016
301.0,299.59653331806766
300.6,299.489874542943
302.7,302.57596384784546
297.7,298.57154237622797
301.0,301.02418421655005
301.9,301.1655729976327
298.6,299.8670114872505
297.4,297.72094764451276
299.2,300.4073250865879
297.0,297.41990342805065
298.3,298.77759224562817
297.6,296.56695862714645
298.9,300.19599808980246
300.7,300.1114261772387
303.6,302.1012161203204
298.1,297.43706271131504
300.5,302.29891336303245
298.5,299.2995516854986
298.4,298.568637030714
299.0,298.33185312595083
299.8,298.8838122659721
298.5,298.73314411734884
298.1,297.18363865030335
299.2,298.4774859078886
302.1,301.5982946652664
298.1,298.8233710616136
298.2,298.57260922397745
298.5,297.75755342389124
300.8,301.0110572819676
303.2,303.1297326662238
303.5,303.22687207013115
298.7,299.65150834580646
298.0,299.3798667934883
301.2,300.7905404097425
298.7,299.84927820169963
303.6,302.8605044001579
299.9,300.2960608095828
300.4,299.7267852087776
300.9,300.8018336863816
297.9,298.9303499110828
300.7,302.7739412330053
303.6,303.49358712588753
300.6,299.2879088184122
301.2,300.47458001912634
302.3,300.9580142167735
297.8,299.27941860736496
301.9,301.01370554357044
296.8,297.15846125990777
297.6,299.28905707939964
301.2,300.4211160851733
304.2,303.92493314287265
299.7,299.0342342652773
300.0,301.71985722615096
303.4,302.09351268206296
302.4,300.47183699177447
300.7,301.25091670414474
299.0,299.3001315867203
297.8,298.57765421298916
296.8,297.15119776086794
298.2,297.4131063460396
302.7,302.01501716760157
298.2,297.8731136463431
297.1,298.44626077169755
299.6,300.90842152403263
300.1,299.0720133103969
303.5,303.0061683133088
301.0,301.12376890582857
300.6,300.4712697841117
296.2,296.4611326069085
301.3,300.6603013135394
301.6,301.01170749498476
304.2,304.08463694835183
301.6,300.7725427021885
302.7,302.4646847156132
300.0,298.9498536871224
298.2,299.2395143901075
302.5,302.32199587350397
299.0,299.6259259557503
301.0,299.38013153613247
299.8,300.9115495472166
299.5,299.16384650483286
299.2,300.4352789122456
299.2,298.57697391866066
300.2,301.84033147129895
301.5,300.76856984076073
297.5,298.37645215941285
299.5,298.9110696515072
299.6,301.1408880364351
298.3,298.1015313003297
300.7,300.8891970797827
298.0,297.6348484325261
298.7,300.2172007392868
297.5,298.21291182368645
299.5,300.90337859045786
301.1,302.68039399171937
296.7,297.0466681367467
303.4,302.6615287761409
298.3,298.215878823932
302.9,302.5850903673451
301.4,300.4148526344789
297.4,298.11152739281636
303.4,301.839130924107
299.5,299.11819632942206
302.4,302.3414963577855
298.8,298.9317923962898
298.3,299.02626246151084
297.2,298.13897447985244
300.7,301.4993365455819
301.7,301.1402624993862
297.6,298.77272658374176
298.7,299.6190942041927
296.7,296.9582017551857
300.7,302.28967738706376
303.4,303.2506350182374
303.9,303.4805041360762
298.3,298.21011893057465
302.8,302.8022831696728
302.1,300.6434553185812
296.2,296.8124942951042
298.8,298.80919299427484
301.3,300.6725237766827
302.0,299.733312309856
300.7,299.51964487383356
300.7,300.31766428398106
302.5,300.2474551399585
302.4,301.73467926098857
301.6,300.67357633280614
298.3,298.12340305816866
304.2,303.967322086193
301.1,300.7908226937255
297.4,298.2111895515137
300.9,300.5543721664409
299.4,299.03943121701883
296.7,297.75916272018503
301.6,300.80300858534406
300.4,299.2784854596848
299.4,298.46159030693707
298.8,299.7547387723835
299.1,300.3522402480436
296.4,296.9148086250094
297.4,298.43169631235514
299.8,299.4928290104202
296.6,297.05387394254427
303.7,303.2890734411252
300.6,300.06527213912045
302.3,302.05791318702256
298.3,298.54220863389446
301.2,300.80978929278314
298.2,298.7923517635054
298.0,297.8578197694555
301.9,301.46513170011013
297.5,298.3315418504096
299.1,297.983198264227
299.1,300.2305780384758
297.5,298.6993574043554
301.3,301.47470147684083
297.7,296.6024119488787
302.4,302.08458903811464
299.1,300.52591902321785
297.5,297.7512584691451
302.2,301.8215046228242
301.0,301.5030416948155
300.1,300.5589548344482
299.7,299.25262989024054
300.5,300.69077049672495
303.0,302.81155554221493
299.7,300.9068398481275
298.4,298.33848079828323
298.8,298.6929511661677
298.1,298.7930147361883
302.4,301.1545272691955
301.1,302.6694295151028
297.8,296.71307607985506
296.6,296.91906520957696
300.7,300.25156202241004
301.7,300.8448464488124
302.0,302.20242695569414
304.2,304.0487380676895
301.7,300.8098795659209
299.4,298.90961204509256
295.8,295.88620452513993
300.3,301.82292289770487
300.2,299.4903623776418
301.0,302.5580582318163
300.4,301.88658470041713
298.0,297.1597893464954
297.3,297.91104546451754
303.7,302.2151615802246
299.7,299.0403361166045
302.0,301.2014901726429
296.9,297.25022652177995
298.6,297.85946347230396
301.7,299.85713298356654
300.7,300.56580575166714
301.1,300.2250122635982
297.4,298.11518946170156
298.5,299.38476929973046
302.0,301.0250306534877
300.5,300.81289338549027
303.0,303.15988312760436
297.6,298.1162301275923
300.2,298.90327440783847
299.7,299.0447626435397
300.3,300.8062060049569
300.3,299.0721650598055
302.0,300.8866656609921
300.6,300.4009702314762
299.6,301.0564689228682
301.5,301.25897625808966
297.2,297.9802068684895
301.3,299.9923983601767
298.8,299.8513853760887
303.3,302.41671547563027
297.5,297.7350755063993
297.5,299.0234870172478
300.2,301.85463407458275
298.8,297.7328561424144
296.9,297.458541113464
298.8,298.3263935234296
303.1,303.07521058294157
297.7,298.68543598962765
299.7,300.80094055512956
299.1,300.56117821788484
301.3,300.93790990048007
300.8,299.68950402648244
301.5,301.08606051102083
303.2,301.39697757053517
299.7,300.33639377732726
298.9,299.53011233489724
299.8,299.28757347723223
299.7,299.0396538338861
297.7,297.854956836439
296.5,297.15641644106176
300.9,300.8387994733826
298.7,299.6503482553693
300.4,301.9693021900556
297.9,298.81811703512346
302.5,300.3488324286816
302.3,301.9202515555363
296.3,296.9409212033592
297.5,297.88900648853905
298.1,297.2981850312587
298.9,300.12451739299956
300.5,299.8656546220928
302.8,301.03887161189004
301.1,300.7180257660401
299.0,300.4407080681345
297.5,298.5459314769854
304.2,304.39103165953486
302.2,301.0355168833123
302.4,301.4996510024077
298.7,298.9275268669778
297.1,298.1363387849187
296.1,296.47661115874314
298.8,299.6135143744256
303.7,302.81926061237823
300.1,299.2665731199796
302.2,301.4873493675692
302.6,302.0888763136963
298.0,297.1076659147395
298.8,299.75178572607973
300.6,300.19481753722675
298.9,299.8288114495081
303.7,303.6229643506363
302.2,301.72251311195924
299.2,300.92097585080546
300.6,302.04097916299645
301.4,300.8513861332897
301.1,302.830079770897
299.2,300.67904118094776
303.0,302.91900694275574
301.9,300.40188121580945
297.7,297.85869188340484
299.3,298.9355821989486
295.7,295.63365566384624
301.3,300.68881439342783
296.6,296.9343960561432
300.9,302.1922886985099
300.9,300.78707518450534
297.6,298.0039960498395
300.0,299.5359172371501
299.0,300.21831222466017
300.5,299.73329260229343
298.9,299.5131142781615
298.9,299.1675778007708
300.5,301.58852370448153
302.6,301.1644942612175
300.2,300.3921502626617
299.1,298.55566105079936
301.4,301.0441663495415
301.9,299.64227871599047
300.7,300.99415558437056
303.9,303.84651833068546
296.5,296.82459651458527
302.2,300.6963983485496
299.9,301.4765024633389
299.8,299.65571701816305
301.4,301.2643105633848
302.2,301.0281084041724
299.0,298.3348100470188
302.3,301.99753307017903
303.4,302.0136053917055
301.7,300.94049082140435
297.7,299.27226184821143
301.1,301.9977477843923
299.2,298.86447191867137
300.5,301.0223933259594
300.3,302.09806253251867
301.5,300.78142500058425
298.9,297.8919581210014
298.0,298.44594772777305
302.2,301.6529583501242
302.2,301.38867792384457
300.4,302.29913425527593
302.3,301.9612861304027
298.4,299.3737121982733
297.7,296.6699732978805
298.1,298.66198541527353
297.3,297.63089128577803
299.0,299.9909366494656
298.9,298.7268589274032
303.6,303.2675848418077
300.3,301.73960090851693
300.8,299.5960342625541
300.3,299.03933993569143
304.2,303.81025713255707
297.3,297.7215416100417
296.8,297.63326494556577
300.5,300.6756196526526
301.5,301.0334202011042
298.1,297.52414403246775
301.9,300.67693130607904
302.1,301.35328524084287
300.2,301.1692623989126
297.8,298.6786081900337
298.1,297.31801697149024
300.1,301.6419588589243
300.1,299.64635745476227
298.0,298.3683915802753
299.8,300.6673715147823
301.7,300.66404216348343
300.7,299.50786191848
297.5,298.3298641983764
302.0,300.579788278726
300.2,298.90638975526116
300.9,301.2577705149678
303.7,303.23536133285114
300.7,299.75031081568955
298.9,298.02992039849227
299.3,300.48569111689534
297.5,299.2690514128317
296.4,296.93511150972193
298.2,297.618372583143
299.0,299.43923291808903
297.2,298.25148002782623
300.5,301.3513637811502
300.5,302.1691650204474
300.1,301.4972451185198
295.5,295.30619108978146
303.8,303.58501102994717
300.7,301.04726445095116
302.7,300.59411283236875
302.5,300.2195581190587
297.8,298.90312379254954
297.4,298.6897766100867
300.9,301.15541218339683
302.1,301.75703909057614
298.3,300.02836042596374
301.4,300.6953734815565
301.2,300.3048506642737
303.6,302.56454838790444
297.3,298.45205825383425
302.7,302.3174275829075
297.8,299.614145403357
299.3,298.7998669739462
300.7,302.0900807119041
297.6,298.3484168109839
300.4,299.78530056367987
300.5,301.48574743374246
302.3,301.17427937909315
298.0,298.45238107083134
297.6,298.3279351996365
300.4,302.0818718533702
299.3,300.88842969297434
301.0,301.8484150661941
298.9,299.8787655624595
297.5,297.85523183887096
300.9,300.9812863427556
300.4,299.51425908566017
300.7,299.5090948832099
298.5,298.4704596829961
298.4,298.91666862287383
300.8,300.89978157728206
298.7,298.2415506572308
298.8,298.9080961535306
298.2,297.9854996849258
302.5,301.266251646422
300.3,301.9443024760797
300.0,301.2582035503418
300.2,300.20453591616797
303.1,302.892889872108
298.1,297.38554414252957
302.2,301.73789070221693
298.8,298.83538150007905
300.2,299.73893500090503
301.3,300.42007637512734
302.7,302.5069910430699
296.3,296.686084992986
302.3,301.9699937811448
297.6,297.95500755495016
301.9,301.12884060938796
297.3,298.5722852900316
298.2,297.6544107063877
298.3,297.7583280864417
299.2,298.0731831109397
300.8,299.3385656170044
301.7,300.82681553681067
300.5,301.5956791013644
301.2,301.02739665704956
297.6,298.5697753654835
298.6,300.0687683952497
298.0,298.45945618032374
298.8,299.62994969079466
297.3,298.4336677818685
300.7,299.62555052219636
302.2,301.62658396726596
298.3,298.72968454384454
302.5,302.6810762010609
295.6,295.44833605327415
302.1,301.64041078562076
297.4,299.1768638809306
297.1,297.7796172700883
300.7,299.9564941227938
303.6,302.7723680786888
302.0,300.0844489604068
302.2,301.30162032331447
303.8,303.0584794600757
303.1,301.13070306325807
303.8,303.85440846383847
300.7,301.9820132076328
299.2,298.18961842357635
302.0,300.50670393924247
297.1,298.0800732751612
297.8,297.15613660283856
297.5,299.05664091544236
298.3,297.6420846001113
298.8,297.99935544232784
299.8,301.41403315239063
300.5,300.20677421891673
303.3,301.7328656917184
300.2,301.8798760892598
304.0,303.68995851635054
298.4,299.0729683154469
300.0,300.1050312775434
299.2,300.3335216542444
297.4,298.5655579946446
303.1,303.36880904510684
297.3,298.0903692103263
300.3,301.96601697621117
300.6,299.2939607450768
302.5,300.3233251810298
297.6,298.12735769273667
300.6,299.2687355095172
297.7,297.88156549059994
298.3,298.66218165793185
300.6,299.39908578852766
300.7,300.6795508817875
300.0,301.70846871874767
300.8,302.7805818951626
297.2,298.0144221650372
302.6,300.45552863085476
302.8,302.67690968472544
297.6,298.3091088496366
301.5,300.4139134955012
300.8,300.69070995894225
304.2,304.1965984901924
303.5,303.47755534627396
299.7,299.5039584708377
299.5,299.9705851751655
300.0,299.33920168903376
299.1,300.4410590813222
301.9,300.8854583701203
299.1,298.2217680839709
297.4,298.8100691757797
302.4,301.1429124621976
298.1,298.47443988126224
304.0,303.6035162896015
298.6,299.3753007555469
298.3,297.988158058539
303.1,303.0299408588476
298.2,298.8250011571035
298.0,297.41380069619777
299.9,299.44010668836165
300.7,300.09732897246545
302.9,301.1271429272709
297.7,298.78667287633334
298.8,299.1434628494179
298.0,297.1692850471399
297.7,298.44834213800664
302.2,301.7678094910715
298.4,297.87878460414487
302.3,301.6015546537238
300.9,302.1200449913992
299.3,299.0359642119727
295.7,295.7501366623139
300.3,299.8877774902154
300.3,301.96953772082156
300.7,301.05575032065207
300.6,302.3933466190521
301.3,301.13421526221805
299.0,298.94919398088217
297.4,298.2139896644131
299.3,298.50238857114624
298.8,300.235322592904
299.4,298.78867839785954
301.7,301.3942954445924
303.4,303.1263435033149
298.6,297.9758980828756
303.9,303.00805245642624
301.7,299.8655967335324
300.1,300.66162301944684
300.8,300.70403181533067
304.2,303.91959719577073
301.1,301.6113418109333
303.3,301.49202815576524
302.3,301.34247133809686
303.7,302.2946179891456
297.9,299.7096357682872
300.7,299.72192824568697
303.7,303.1463389045995
298.1,298.6799219023641
303.8,303.76139626973924
298.9,299.94532728564496
298.1,298.4509020726888
304.1,303.8651478879813
296.6,296.96519576474924
300.1,299.2650277968462
298.7,299.7608117691948
298.9,298.3374543648024
297.9,297.6932782278488
304.2,303.6878835727668
300.5,299.7429226964868
299.8,301.5184560189556
298.0,297.211448638566
300.3,301.2866753774811
295.6,295.5163453461829
301.5,300.68073724657336
300.0,300.42593613780133
298.5,299.2842948304873
300.3,299.50565858060355
302.5,300.31098106790034
301.3,300.005663876068
298.2,297.7666093198532
300.6,301.7158254184301
304.3,304.1959079993222
297.4,298.1085423014998
303.3,301.8551828353791
301.4,300.79952265246067
303.8,303.7070618832137
303.5,303.1075624419324
300.6,300.4456043722847
297.5,298.3331851730876
298.6,299.6017048225154
302.1,301.0331212386381
299.2,298.83482871247855
298.3,298.92329266513724
302.9,302.5608062436769
300.7,299.3786063266742
299.6,300.9349461926193
303.3,301.46847470018594
303.1,303.0110347547731
301.3,300.832944060327
298.1,298.66446715284314
302.2,301.0235500486927
300.5,299.93900019435586
298.7,300.112884544621
299.0,298.3272720069469
300.5,302.2177591540034
299.9,299.98256683629387
300.8,302.32320605954675
296.8,297.90163538298214
299.8,300.3453309345772
300.5,299.2640737312245
301.8,300.9220665780877
301.1,300.5410806724669
301.8,300.6623444143193
296.6,297.71609743545963
298.8,298.3086345887091
299.7,299.2979737907624
300.4,299.659067601026
300.8,302.2888872721988
303.8,303.4743429310898
298.3,298.2467160956887
300.7,300.9351645970578
300.5,301.85586977306633
299.9,299.44068059001376
299.1,298.7003114706038
299.0,300.35122034838827
303.5,302.40315589662345
295.6,295.5144425793054
297.8,298.7876819283258
302.2,301.64156582387534
299.0,300.22212418909913
299.6,299.3502095151462
295.6,295.5539204827069
298.6,299.58753075727174
302.3,301.6037096896931
297.5,298.5841090493498
299.3,298.2068790386215
302.9,302.9974772654174
297.7,298.9411125778395
297.4,298.22637245701526
299.7,299.03231810277583
298.1,297.4155139479936
297.6,298.42524635924207
303.8,303.1894380308763
300.0,299.62731503623706
297.6,298.92069222338307
298.4,297.7791215130583
297.4,298.5466984558414
302.3,301.8849728321004
299.1,300.0926434662183
298.9,298.368042447804
300.7,301.2125133249153
300.5,302.0998521639596
304.4,304.18308065363846
298.9,300.1162730792629
302.4,302.07872985155603
299.3,298.32139214745536
301.0,300.6863632876562
297.6,299.3955338355047
298.1,298.2376841631641
298.8,299.542794530919
297.7,296.7176895068637
298.1,297.9499363907653
297.5,297.7802413426651
303.6,302.87560816880523
297.9,299.04392206975615
298.6,299.9659745065991
301.6,301.0306292029521
299.1,298.69558290117914
297.6,298.55893080405724
302.2,301.7679123811955
298.3,297.51766415682584
295.6,295.4180140331423
299.1,300.3114692909139
301.0,301.28501602042263
300.0,301.58381766873543
302.9,301.3924141796028
301.1,301.8237269832414
301.9,300.91104755511367
298.7,299.4839085316534
298.2,298.6723198786463
298.9,298.0793508395992
300.0,299.0652950769329
300.7,300.131340478722
304.0,303.46535723582303
302.5,300.46722527424646
297.9,297.1778338575837
299.1,300.21466640189016
302.3,301.0667705027477
302.9,302.7742507993793
301.8,301.2390152205602
300.6,300.80281751298696
300.0,299.26659768472
302.7,302.10177220091185
299.2,298.08025369297985
301.6,300.67536898288125
303.5,303.2620692891122
300.4,299.48293475752905
297.9,297.3955504486012
303.4,302.66998722922904
301.0,302.84575478211434
299.5,299.0130221028918
299.7,300.45966694172546
298.5,299.26720245647357
302.3,301.3604507842636
300.3,301.9799798460247
297.1,298.10668466182227
301.4,301.2751942110231
296.8,297.38307610436743
298.2,298.55081794759343
298.9,299.2411002439129
300.6,300.4359516339394
302.2,301.8297276204655
300.5,301.7252701096693
298.6,297.8342432471952
299.1,298.5719298937658
298.2,298.59090458204406
303.2,303.1401041761613
298.5,299.36730947968124
299.9,299.4087914910808
300.8,300.84313809636717
302.7,302.3572841525326
299.9,299.46452283651934
301.4,300.81892930120927
300.7,300.7767622562944
297.5,299.375672819497
300.8,300.8130688200538
299.6,298.9251673472377
302.1,301.2524476330098
297.6,298.3296074863636
298.2,298.8093411467607
302.4,299.9630604372874
301.1,301.2516520700022
297.5,298.68273300464597
298.4,298.5699274572331
301.1,300.5797121120485
296.2,296.36145060517333
302.8,302.70948251380554
297.2,298.189793798297
300.7,300.78346309185355
300.0,300.4222228480897
299.1,300.1508097203769
301.3,300.4563548531695
297.1,297.41531763828823
297.4,298.0190228564417
299.0,298.3073218942797
302.6,301.13159643155996
299.6,299.3002890564758
301.2,301.00567407534277
300.1,301.59792564553896
303.7,303.1464722830875
301.3,300.74911081427746
300.3,301.48818154316626
297.9,297.2109133068534
297.3,298.07924399813834
297.5,297.88941543170546
302.1,301.1936280969229
301.0,302.52392748774605
298.2,298.0890280012786
297.0,297.52415556565154
298.3,298.9301453251107
303.4,303.1044018821516
296.9,297.61498383770675
296.6,296.97362735077115
299.0,300.32336681394946
297.7,298.48792634923984
300.6,301.7124818419255
301.9,301.3939190370826
302.9,302.550009170679
298.6,299.5081255093345
303.0,302.91774610341645
300.6,300.5865700784254
303.0,303.13895444936645
300.6,300.3003464735418
300.3,299.5245498511508
298.0,297.28583806594344
302.6,302.62887606546957
298.4,297.6218412026529
298.8,299.8459557545578
302.0,300.97083051835034
297.5,298.2042625784041
298.6,299.3063687719649
300.5,301.5890389472076
301.6,300.7931514724478
296.7,297.1684194932912
298.5,299.4832362173257
299.9,300.2970725317696
301.0,300.4595378450543
299.1,300.19913348309876
299.2,298.08338420396876
299.3,298.22120790829524
302.4,300.08040478102157
300.1,301.63909112750497
302.2,301.1897095863488
299.0,300.2308241222056
298.1,297.54220336787097
300.2,300.009987826316
298.3,298.747797808826
297.9,298.3456173418737
300.4,299.50817624810253
297.6,298.33258398967126
298.6,298.889259335725
299.3,298.9160515146102
297.9,298.5505366283541
302.9,302.7265191487528
297.9,298.91715776889936
299.9,299.8805308140329
297.2,298.2400877801939
297.5,297.98679818180574
301.2,301.16500771055837
301.3,300.30544344484684
298.2,297.12558656504604
297.4,298.0973413543756
302.4,302.04512663765826
297.3,298.32972245219946
301.4,300.6922237358512
297.4,299.0716502392951
300.7,301.12734406990666
297.5,298.5690499347429
301.6,300.68811027815576
303.8,302.92358915339315
297.5,298.6483525289792
301.0,302.1824481289348
302.2,301.06100576004354
301.7,301.06271330884914
300.7,301.9180865521363
302.4,302.185143338005
303.8,303.58046105199537
303.0,301.42717499675956
302.4,302.12022612130767
298.0,297.6116545370385
297.4,298.10527120301447
301.9,301.0425576115654
302.8,302.56213866302545
300.9,302.1854313502936
298.8,299.6204763469351
297.4,298.5657180703238
297.2,297.7650527079178
300.8,302.2357922920717
299.1,298.1968925416869
302.1,300.09081354894505
300.5,302.0007496393501
301.8,301.43893378489986
301.4,300.73943850196474
300.4,301.3450402272545
299.3,298.8981420399199
298.9,297.862677706502
300.2,301.82846335483305
300.6,299.2951979147375
297.5,298.24283152602726
301.0,300.875816792747
304.1,303.82735391527757
301.4,300.47203215952914
301.4,301.1392734685789
297.2,298.093251878101
302.0,301.01257985141586
300.4,299.62599505622666
299.4,300.80445913445635
297.8,299.8459150613799
298.9,299.48157577677813
301.4,300.95341452307315
300.2,300.2164618958789
300.1,299.14081491798174
297.6,297.9986017996069
299.2,298.68374328312046
300.3,299.7439217041427
302.3,301.720900364057
299.6,301.1790564951201
298.5,299.5062694022439
300.4,301.91136889466
303.3,301.4673049971534
301.0,301.84623180903213
299.8,299.26614435846386
303.9,303.7218903401499
302.8,302.67480570948055
299.9,299.284353515042
297.6,299.4843645574491
299.9,300.4395145707272
299.5,298.97137495725843
299.6,298.80993170158064
297.0,297.746269624999
298.0,298.4855206773999
298.3,297.63857928155994
297.4,298.12589408675245
300.3,302.0738579096238
302.5,300.4408267571561
298.5,299.4980618477049
300.8,302.8873247653948
299.0,298.4370495718904
303.0,301.38747394146066
299.6,301.1485972125237
301.3,300.6806250740206
298.1,298.82341310941695
302.6,301.75671410798213
296.4,296.9315727999902
300.2,299.57516749427054
302.9,301.27141962237533
297.6,299.0638626796746
301.8,300.31867692399743
302.0,301.1429212448979
298.5,299.6480988682212
297.6,298.4327418525947
302.3,301.41900321041913
298.6,299.49015816482165
299.1,298.34251870714826
304.2,303.4667967160123
299.9,299.46945674555195
301.3,300.89576484045165
300.1,299.2598139052162
300.6,302.0932870512595
297.4,298.862786557588
302.3,302.06966121140454
302.0,301.4873622469206
301.5,300.7752765907314
297.3,298.22976151682855
299.1,300.00868477042405
300.1,301.6924560794801
298.1,298.02269691682073
298.1,297.8415190330547
303.0,302.80694406838
299.2,298.8967778119817
303.8,303.60964875649603
300.0,301.3752376842261
303.5,302.5420670605359
298.4,298.33612323240544
302.5,302.2142488854708
299.7,299.15618233732636
298.8,298.4544227241824
300.7,300.57228187786774
298.3,298.9005067318417
302.4,300.45181662778134
300.7,300.66172039174626
302.3,301.61174119213496
301.5,301.00936732607164
298.9,300.1864606293485
302.2,301.8686348288148
302.3,301.9699000471864
295.8,295.99413096781507
297.5,298.6785926034974
299.1,298.25949201708346
296.4,296.78992213912034
302.5,301.5972260244452
301.4,300.4554942588277
299.4,300.898549788717
298.7,300.1887491530258
302.3,301.0703887978048
302.0,300.4629384889953
302.3,302.10127306149377
299.6,298.9282807306456
300.9,302.43135939403487
302.1,300.966938714992
299.5,299.2421476634512
297.5,298.4427992690194
298.8,299.743039150543
303.2,303.0364616900326
298.5,299.18946816720694
303.9,303.61655943191977
297.1,298.20455823162797
299.5,299.9542450905009
302.7,302.44910555987735
298.6,299.17200104484687
298.0,298.2081424252952
301.5,300.65304010698634
300.9,300.5814983739258
299.3,298.4373117001532
302.4,302.0797079751711
297.5,298.6637831939181
299.9,299.00908556892045
300.4,300.12951918101624
299.2,298.9034959771451
303.8,303.40625996758047
300.5,299.8553550568586
302.5,302.1957937046923
303.1,303.03205597965007
303.4,303.30321695532075
298.0,299.2768268214212
297.4,297.8536897348515
303.6,303.4896436618171
297.3,297.97057632582505
300.2,301.73101991695825
297.5,298.20901358024616
303.0,301.2759941245893
302.0,301.2559400311048
298.2,297.72991729524654
303.7,302.93207194307064
300.2,299.7129295438655
296.9,297.4146512886892
302.4,301.2753959455639
299.2,298.1543113345737
297.4,298.94497473945864
301.2,300.8810245487053
300.3,300.40777846568807
295.6,295.4816628711396
304.3,304.1785034211377
300.5,302.24675560956666
301.5,300.76043083905154
302.5,301.8272327072785
299.7,298.9007143468932
300.1,299.3917541363985
301.0,301.15940857777434
303.8,302.9022186426068
301.9,302.106538369957
298.9,299.8288475649166
298.3,298.25091672882843
296.3,296.7031441375501
297.2,298.5708643076527
300.7,301.46193515976944
297.3,298.46606048049705
303.1,301.38613008191743
300.3,300.21114223067326
302.8,302.8045369405258
303.5,302.68283961294037
296.5,297.042605290175
299.1,298.33554207048763
298.0,297.5229939688829
297.4,298.5735611493174
297.8,297.2658556613746
302.2,301.47736870145496
297.4,298.3528218183611
297.3,298.4679619869918
300.2,299.97908960314635
304.3,304.12095968228044
300.1,301.95980375628426
300.1,299.0398209757664
300.3,301.911143838385
298.9,298.6672356673205
299.3,298.43444056681585
303.4,303.2530462677447
303.7,302.81623678205955
299.0,300.46520270202535
300.1,299.132226514579
302.7,302.06822852874126
301.7,300.2015690599832
296.2,296.56413994080424
297.8,299.25105507644724
301.5,300.803464765686
297.9,298.67279471493475
299.8,301.28037536259376
301.8,300.67576325331106
297.3,298.0838886412048
300.0,301.3723544504884
302.1,301.3973119472849
302.2,301.8198824892241
300.6,301.9474565618778
301.5,300.68447847762803
302.3,300.92366046423984
301.8,300.8076574336547
297.4,298.0264271214386
298.0,298.34763893262135
299.3,300.1924496988613
298.6,299.3999686972959
297.4,298.11547888783156
297.4,298.3759651799245
297.0,297.57302926692114
297.2,298.02122951107805
303.6,302.43881166279255
302.2,301.6082953528791
302.3,301.39800463859297
302.9,302.56763432969774
302.6,302.75684445028486
300.5,301.9611122534281
297.3,297.97638727890484
301.2,301.8450629355813
302.2,300.66174997520955
298.7,299.04289473168785
303.3,302.53624855919645
296.9,297.5145345513645
297.4,298.02992941886924
298.7,298.0804632039313
302.5,302.19885696811946
300.7,300.778968352613
297.3,298.47653800262714
302.7,302.63815467300225
295.6,295.44866071491373
303.7,303.0168530450047
298.8,299.9406946331322
298.8,300.11423377824144
304.0,303.72791642358027
300.4,302.0213405040175
300.6,302.4148894846919
299.0,298.7862037850803
300.9,301.5239135232403
298.3,297.8989568467775
304.2,303.84137925204766
299.0,298.42533820513154
298.0,299.04763799916446
299.8,299.6212809648472
301.3,299.8497680155761
295.7,295.6228739349028
300.7,301.41341732951173
299.3,298.79929682048186
301.4,300.78323489635903
301.7,300.7846398865302
298.4,297.73169044166264
297.8,297.03831082181574
304.1,303.93890829123376
302.3,302.358347065675
300.1,299.155893420137
298.2,299.2960595928818
299.2,298.7030365581496
297.5,298.56065843326394
298.4,298.91350646439923
300.2,298.81993081518806
300.1,299.51213221072715
300.5,299.9807613065539
297.8,296.70869583190955
298.4,299.39021101338955
300.7,301.1670864785891
298.9,298.1142519979904
302.2,301.82686341691385
303.1,302.7714779429288
299.0,300.3210092987023
303.6,302.93848529025905
298.8,298.5475907327828
297.4,297.74091175254006
303.5,303.48028888729357
300.9,300.30647479472157
298.5,299.5019966728224
295.8,295.7346690445538
300.8,300.43307249465914
301.5,300.59064641361016
300.1,300.1916630963878
301.4,301.14813835233997
303.8,303.3819393384943
299.4,299.06302627786135
297.5,298.78606596523827
297.3,297.86835717668026
297.8,297.4040197496656
303.8,303.24820150694234
301.8,300.9329886175182
299.3,299.97302717571546
298.6,299.4942362585507
301.4,300.1670947689803
299.7,299.1535970167799
297.5,298.4383031086055
301.1,302.690290114255
301.3,300.4543501105944
299.9,301.5464960476687
300.2,299.3660724442422
300.7,302.0837507074409
296.9,297.6051150633556
303.3,303.0042801608921
299.1,300.5530262163064
296.8,297.5033444775318
300.0,299.73543449685957
301.7,300.67691982352585
298.1,297.25310033059486
301.5,300.95526260015913
297.2,297.5001386464903
300.9,300.91504889947237
301.9,299.7783492444553
300.5,302.3882780394612
298.3,299.29195548528895
303.4,303.2583125067374
299.1,298.58160324551466
301.2,302.6700272798713
301.3,300.4440816088996
300.3,301.71700436215957
298.5,299.26313615735336
300.0,299.52401131221154
301.1,301.2603389882819
299.9,299.04639055607595
300.6,301.885194147813
300.5,299.31854817193073
302.9,302.7161071061146
297.7,298.54490687235744
299.0,300.421494315727
300.0,299.5362594831138
300.4,300.240655376078
303.8,303.13491936661745
298.3,298.20486271254543
302.3,301.3803732173261
300.8,300.29854096021836
297.7,297.2147701709681
298.9,300.2078238292386
300.7,301.11368449469336
297.9,297.3008940578551
302.5,300.32789250656924
298.8,298.90293280566397
302.5,300.5684571692392
299.3,298.78309495381313
300.9,300.7849667064349
302.7,301.8562647879197
300.0,299.26959436906316
299.9,299.2846887710638
302.9,302.9230353065135
298.4,299.6435594919836
303.2,302.9068632603579
299.8,299.4905854364224
303.8,302.88578581372934
298.5,299.2473286962764
298.0,297.85267385370776
301.3,301.27976545443966
300.6,299.48639781748267
298.9,300.0915781507424
301.0,301.17602020860573
301.5,300.58540218582124
300.1,301.9756957948406
297.3,298.12879075909945
298.7,300.10773707159785
298.3,299.0282766818328
298.8,299.4190272362999
299.4,298.9164182832692
296.8,297.03495389217335
297.2,298.560562938881
302.8,302.55191817417597
297.8,298.10516596087416
301.9,300.7830415061998
303.9,303.3614044088383
299.1,300.0523671137425
298.0,297.866036235465
301.3,299.9241501827077
297.7,298.7357013778068
303.3,303.0673440725728
300.8,301.4979427351206
300.3,299.88531527472924
298.2,297.65178651963583
302.3,301.6997247994518
297.5,298.13146267991505
300.2,299.15565091490544
298.1,299.249428771817
299.4,299.0216847694269
301.4,300.4302479553349
301.2,301.9632156207267
297.0,297.7642459405118
301.1,302.53946258197334
299.2,297.8542402896598
301.5,300.5527475292462
